时间,入炉垃圾量,炉膛日平均温度,省煤器出口日平均温度,消石灰用量,雾化器浆液日平均流量,半干法反应塔平均温度,湿法烧碱日平均流量,湿式洗涤塔平均反应温度,减湿液平均PH值,SNCR分配柜氨水日平均流量,SCR氨水平均流量,SCR系统平均反应温度,除尘器灰斗平均温度,除尘器日平均压差,活性炭用量,烟尘平均浓度,SO2平均浓度,NOX平均浓度,CO平均浓度,HCL平均浓度,NH3平均浓度
2025年06月01日,524.5600000000559,1079.5843691880054,227.7928878281623,0.06999999999999318,1.5326373626373626,150.30365795724467,150.52948113207546,68.22825775656324,6.540047961630695,18.42428125,19.035448113207547,189.68259640102826,151.16410501193317,1350.5566270783847,236.19000000000233,0.6004669271081693,23.5189649004077,52.24856529139826,1.8201839141010128,2.9490539480975033,8.034834905660379
